STATION,NAME,DATE,AWND,PGTM,PRCP,SNOW,SNWD,TAVG,TMAX,TMIN,WDF2,WDF5,WSF2,WSF5,WT01,WT02,WT03,WT04,WT05,WT06,WT08,WT09,datenumber
USW00014836,"LANSING CAPITAL CITY AIRPORT, MI US",2019-01-01,8.05,,0.02,0.0,0.0,32.0,34.0,24.0,300.0,310.0,16.1,19.9,1.0,,,,,,,,737060.0
USW00014836,"LANSING CAPITAL CITY AIRPORT, MI US",2019-01-02,8.28,,0.05,,0.0,27.0,33.0,24.0,260.0,260.0,21.0,25.9,1.0,,,,1.0,,,,737061.0
USW00014836,"LANSING CAPITAL CITY AIRPORT, MI US",2019-01-03,14.32,,0.0,0.0,0.0,31.0,38.0,29.0,230.0,210.0,21.0,28.0,,,,,,,,,737062.0
USW00014836,"LANSING CAPITAL CITY AIRPORT, MI US",2019-01-04,7.38,,0.0,0.0,0.0,37.0,50.0,27.0,240.0,230.0,18.1,23.0,,,,,,,,,737063.0
USW00014836,"LANSING CAPITAL CITY AIRPORT, MI US",2019-01-05,7.61,,0.0,0.0,0.0,35.0,50.0,24.0,260.0,250.0,19.9,25.1,1.0,,,,,,1.0,,737064.0
USW00014836,"LANSING CAPITAL CITY AIRPORT, MI US",2019-01-06,7.61,,0.0,0.0,0.0,36.0,39.0,28.0,100.0,110.0,17.0,21.9,,,,,,,,,737065.0
USW00014836,"LANSING CAPITAL CITY AIRPORT, MI US",2019-01-07,19.69,,0.21,0.0,0.0,34.0,51.0,31.0,250.0,260.0,32.0,42.1,1.0,,,1.0,,,,,737066.0
USW00014836,"LANSING CAPITAL CITY AIRPORT, MI US",2019-01-08,12.75,,0.01,0.0,0.0,43.0,44.0,31.0,290.0,280.0,30.0,36.9,1.0,,,,,,1.0,,737067.0
USW00014836,"LANSING CAPITAL CITY AIRPORT, MI US",2019-01-09,15.66,,0.02,0.2,0.0,27.0,31.0,19.0,300.0,310.0,23.9,33.1,1.0,,,,,,1.0,,737068.0
USW00014836,"LANSING CAPITAL CITY AIRPORT, MI US",2019-01-10,10.29,,0.0,0.0,0.0,22.0,27.0,20.0,310.0,320.0,21.9,29.1,,,,,,,,,737069.0
USW00014836,"LANSING CAPITAL CITY AIRPORT, MI US",2019-01-11,3.58,,0.0,0.0,0.0,22.0,28.0,16.0,140.0,150.0,8.9,11.0,,,,,,,,,737070.0
USW00014836,"LANSING CAPITAL CITY AIRPORT, MI US",2019-01-12,9.4,,0.0,0.0,0.0,28.0,30.0,24.0,80.0,60.0,19.9,23.9,,,,,,,,,737071.0
USW00014836,"LANSING CAPITAL CITY AIRPORT, MI US",2019-01-13,8.5,,0.0,0.0,0.0,24.0,31.0,16.0,50.0,70.0,17.0,21.9,,,,,,,,,737072.0
USW00014836,"LANSING CAPITAL CITY AIRPORT, MI US",2019-01-14,4.92,,0.0,0.0,0.0,21.0,34.0,12.0,270.0,240.0,14.1,17.0,,,,,,,,,737073.0
USW00014836,"LANSING CAPITAL CITY AIRPORT, MI US",2019-01-15,13.2,,0.0,0.0,0.0,27.0,28.0,25.0,230.0,220.0,23.0,30.0,1.0,,,,,1.0,,,737074.0
USW00014836,"LANSING CAPITAL CITY AIRPORT, MI US",2019-01-16,7.61,,0.01,0.0,0.0,27.0,32.0,15.0,230.0,250.0,18.1,23.0,1.0,,,,,1.0,,,737075.0
USW00014836,"LANSING CAPITAL CITY AIRPORT, MI US",2019-01-17,5.82,,0.02,0.0,0.0,23.0,31.0,16.0,140.0,140.0,15.0,18.1,1.0,,,,,,1.0,,737076.0
USW00014836,"LANSING CAPITAL CITY AIRPORT, MI US",2019-01-18,6.93,,0.01,0.1,0.0,28.0,30.0,22.0,60.0,60.0,15.0,18.1,1.0,,,,,,,,737077.0
USW00014836,"LANSING CAPITAL CITY AIRPORT, MI US",2019-01-19,14.32,,0.29,4.0,2.0,20.0,22.0,6.0,40.0,40.0,25.1,32.0,1.0,,,,,,1.0,,737078.0
USW00014836,"LANSING CAPITAL CITY AIRPORT, MI US",2019-01-20,10.07,,0.0,0.0,0.0,5.0,9.0,-4.0,330.0,340.0,18.1,23.0,,,,,,,,,737079.0
USW00014836,"LANSING CAPITAL CITY AIRPORT, MI US",2019-01-21,4.03,,0.0,0.0,3.9,-1.0,13.0,-14.0,170.0,160.0,15.0,18.1,,,,,,,1.0,,737080.0
USW00014836,"LANSING CAPITAL CITY AIRPORT, MI US",2019-01-22,12.97,,0.1,,3.1,12.0,31.0,4.0,160.0,160.0,29.1,35.1,1.0,,,1.0,,1.0,,,737081.0
USW00014836,"LANSING CAPITAL CITY AIRPORT, MI US",2019-01-23,11.18,,0.37,,,34.0,41.0,28.0,270.0,280.0,23.9,29.1,1.0,,,,,,,,737082.0
USW00014836,"LANSING CAPITAL CITY AIRPORT, MI US",2019-01-24,12.97,,0.0,,2.0,27.0,28.0,20.0,280.0,270.0,21.9,30.0,1.0,,,,,,1.0,,737083.0
USW00014836,"LANSING CAPITAL CITY AIRPORT, MI US",2019-01-25,15.21,,0.01,,,15.0,20.0,5.0,240.0,250.0,25.1,31.1,,,,,,,,,737084.0
USW00014836,"LANSING CAPITAL CITY AIRPORT, MI US",2019-01-26,4.7,,0.01,,,7.0,15.0,-3.0,180.0,170.0,14.1,17.0,,,,,,,,,737085.0
USW00014836,"LANSING CAPITAL CITY AIRPORT, MI US",2019-01-27,9.17,,0.01,,,13.0,15.0,-3.0,250.0,260.0,21.9,29.1,,,,,,,,,737086.0
USW00014836,"LANSING CAPITAL CITY AIRPORT, MI US",2019-01-28,10.07,,0.53,,,9.0,20.0,-1.0,110.0,120.0,25.9,34.0,1.0,1.0,,,,1.0,,,737087.0
USW00014836,"LANSING CAPITAL CITY AIRPORT, MI US",2019-01-29,16.11,,0.05,,,13.0,15.0,3.0,250.0,250.0,30.0,38.0,1.0,1.0,,,,,1.0,1.0,737088.0
USW00014836,"LANSING CAPITAL CITY AIRPORT, MI US",2019-01-30,16.55,,,,,-2.0,3.0,-14.0,240.0,240.0,30.0,38.0,1.0,1.0,,,,,1.0,1.0,737089.0
USW00014836,"LANSING CAPITAL CITY AIRPORT, MI US",2019-01-31,11.63,,0.0,,,-9.0,4.0,-14.0,250.0,230.0,23.9,27.1,,,,,,,1.0,,737090.0
USW00014836,"LANSING CAPITAL CITY AIRPORT, MI US",2019-02-01,4.7,,0.0,0.0,,2.0,15.0,-7.0,190.0,190.0,14.1,18.1,,,,,,,1.0,,737091.0
USW00014836,"LANSING CAPITAL CITY AIRPORT, MI US",2019-02-02,11.86,,0.0,0.0,,22.0,41.0,10.0,220.0,220.0,23.0,29.1,1.0,,,,,,1.0,,737092.0
USW00014836,"LANSING CAPITAL CITY AIRPORT, MI US",2019-02-03,12.3,,0.0,0.0,,42.0,48.0,38.0,210.0,210.0,17.0,23.0,1.0,,,,,,,,737093.0
USW00014836,"LANSING CAPITAL CITY AIRPORT, MI US",2019-02-04,11.63,,0.18,0.0,,48.0,51.0,39.0,270.0,270.0,23.9,29.1,1.0,,,,,,,,737094.0
USW00014836,"LANSING CAPITAL CITY AIRPORT, MI US",2019-02-05,10.07,,0.0,0.0,,35.0,39.0,29.0,270.0,270.0,21.0,25.9,1.0,,,,,,,,737095.0
USW00014836,"LANSING CAPITAL CITY AIRPORT, MI US",2019-02-06,6.93,,0.64,0.7,0.0,31.0,32.0,29.0,110.0,110.0,19.9,25.9,1.0,,,1.0,,1.0,,,737096.0
USW00014836,"LANSING CAPITAL CITY AIRPORT, MI US",2019-02-07,12.53,,0.19,0.0,0.0,33.0,51.0,28.0,270.0,270.0,40.0,51.0,1.0,1.0,,,,1.0,,,737097.0
USW00014836,"LANSING CAPITAL CITY AIRPORT, MI US",2019-02-08,21.47,,0.04,1.1,0.0,21.0,28.0,13.0,240.0,260.0,38.0,48.1,1.0,1.0,,,,,1.0,1.0,737098.0
USW00014836,"LANSING CAPITAL CITY AIRPORT, MI US",2019-02-09,4.7,,0.0,0.0,1.2,13.0,22.0,4.0,280.0,290.0,18.1,21.9,,,,,,,,,737099.0
USW00014836,"LANSING CAPITAL CITY AIRPORT, MI US",2019-02-10,7.61,,0.08,1.5,1.2,20.0,26.0,15.0,130.0,130.0,15.0,18.1,,,,,,,,,737100.0
USW00014836,"LANSING CAPITAL CITY AIRPORT, MI US",2019-02-11,10.74,,0.01,0.2,2.0,24.0,29.0,22.0,80.0,80.0,18.1,23.0,,,,,,,,,737101.0
USW00014836,"LANSING CAPITAL CITY AIRPORT, MI US",2019-02-12,13.42,,0.59,4.8,3.9,28.0,34.0,25.0,260.0,250.0,36.0,42.9,,,,,,1.0,,,737102.0
USW00014836,"LANSING CAPITAL CITY AIRPORT, MI US",2019-02-13,19.01,,0.08,2.5,7.9,26.0,27.0,18.0,270.0,270.0,32.0,40.9,1.0,,,,,,,1.0,737103.0
USW00014836,"LANSING CAPITAL CITY AIRPORT, MI US",2019-02-14,10.07,,0.0,0.0,5.1,28.0,42.0,19.0,150.0,190.0,16.1,19.9,,,,,,,1.0,,737104.0
USW00014836,"LANSING CAPITAL CITY AIRPORT, MI US",2019-02-15,18.79,,0.0,0.0,5.1,29.0,40.0,17.0,270.0,270.0,31.1,38.0,1.0,,,,,,1.0,,737105.0
USW00014836,"LANSING CAPITAL CITY AIRPORT, MI US",2019-02-16,6.04,,0.0,0.0,5.1,22.0,27.0,15.0,30.0,350.0,12.1,15.0,,,,,,,,,737106.0
USW00014836,"LANSING CAPITAL CITY AIRPORT, MI US",2019-02-17,10.07,,0.11,1.0,5.1,21.0,23.0,13.0,100.0,100.0,18.1,21.9,1.0,1.0,,,,,,,737107.0
USW00014836,"LANSING CAPITAL CITY AIRPORT, MI US",2019-02-18,6.26,,0.05,1.9,7.1,21.0,25.0,9.0,20.0,20.0,14.1,17.0,1.0,,,,,,,,737108.0
USW00014836,"LANSING CAPITAL CITY AIRPORT, MI US",2019-02-19,2.24,,0.0,0.0,3.9,14.0,29.0,0.0,140.0,340.0,8.9,13.0,1.0,,,,,,,,737109.0
USW00014836,"LANSING CAPITAL CITY AIRPORT, MI US",2019-02-20,13.65,,0.03,0.0,3.9,24.0,37.0,17.0,250.0,260.0,29.1,38.0,1.0,,,,,1.0,,,737110.0
USW00014836,"LANSING CAPITAL CITY AIRPORT, MI US",2019-02-21,16.11,,0.0,0.0,3.1,34.0,36.0,24.0,260.0,260.0,31.1,36.9,,,,,,,,,737111.0
USW00014836,"LANSING CAPITAL CITY AIRPORT, MI US",2019-02-22,2.91,,0.0,0.0,1.2,26.0,38.0,14.0,150.0,140.0,10.1,14.1,1.0,,,,,,1.0,,737112.0
USW00014836,"LANSING CAPITAL CITY AIRPORT, MI US",2019-02-23,10.29,,0.08,0.0,1.2,32.0,40.0,25.0,130.0,150.0,18.1,23.9,1.0,,,,,,1.0,,737113.0
USW00014836,"LANSING CAPITAL CITY AIRPORT, MI US",2019-02-24,23.94,,0.33,1.6,1.2,37.0,47.0,22.0,260.0,270.0,40.9,55.9,1.0,1.0,,,,,1.0,,737114.0
USW00014836,"LANSING CAPITAL CITY AIRPORT, MI US",2019-02-25,18.12,,0.04,0.8,3.1,19.0,22.0,13.0,290.0,280.0,33.1,44.1,1.0,,,,,,1.0,,737115.0
USW00014836,"LANSING CAPITAL CITY AIRPORT, MI US",2019-02-26,5.37,,0.04,0.8,2.0,15.0,20.0,12.0,80.0,70.0,12.1,14.1,,,,,,,,,737116.0
USW00014836,"LANSING CAPITAL CITY AIRPORT, MI US",2019-02-27,5.37,,0.23,2.2,3.9,18.0,22.0,16.0,300.0,90.0,13.0,16.1,,,,,,,,,737117.0
USW00014836,"LANSING CAPITAL CITY AIRPORT, MI US",2019-02-28,2.91,,0.0,0.0,3.9,21.0,29.0,12.0,250.0,250.0,13.0,14.1,,,,,,,,,737118.0
USW00014836,"LANSING CAPITAL CITY AIRPORT, MI US",2019-03-01,1.12,,0.0,0.0,3.1,22.0,35.0,9.0,30.0,360.0,6.9,8.9,1.0,,,,,,1.0,,737119.0
USW00014836,"LANSING CAPITAL CITY AIRPORT, MI US",2019-03-02,5.14,,0.02,,2.0,29.0,31.0,20.0,300.0,310.0,15.0,19.9,1.0,,,,,,1.0,,737120.0
USW00014836,"LANSING CAPITAL CITY AIRPORT, MI US",2019-03-03,6.71,,0.0,0.0,2.0,20.0,25.0,8.0,300.0,320.0,16.1,19.0,,,,,,,,,737121.0
USW00014836,"LANSING CAPITAL CITY AIRPORT, MI US",2019-03-04,11.86,,0.01,,1.2,11.0,14.0,7.0,260.0,250.0,25.1,31.1,1.0,,,,,,1.0,,737122.0
USW00014836,"LANSING CAPITAL CITY AIRPORT, MI US",2019-03-05,13.87,,0.03,0.3,1.2,11.0,18.0,8.0,270.0,270.0,25.1,35.1,1.0,,,,,,1.0,,737123.0
USW00014836,"LANSING CAPITAL CITY AIRPORT, MI US",2019-03-06,9.17,,0.0,0.0,2.0,13.0,21.0,4.0,250.0,250.0,21.9,25.9,1.0,,,,,,1.0,,737124.0
USW00014836,"LANSING CAPITAL CITY AIRPORT, MI US",2019-03-07,4.7,,0.0,0.3,2.0,20.0,25.0,11.0,270.0,330.0,12.1,16.1,1.0,,,,,,,,737125.0
USW00014836,"LANSING CAPITAL CITY AIRPORT, MI US",2019-03-08,2.01,,0.0,0.0,2.0,22.0,39.0,8.0,160.0,180.0,10.1,12.1,1.0,,,,,,,,737126.0
USW00014836,"LANSING CAPITAL CITY AIRPORT, MI US",2019-03-09,13.42,,0.37,0.0,1.2,29.0,39.0,19.0,110.0,100.0,28.0,38.0,1.0,,,,,1.0,1.0,,737127.0
USW00014836,"LANSING CAPITAL CITY AIRPORT, MI US",2019-03-10,22.82,,0.04,0.0,1.2,37.0,44.0,33.0,250.0,250.0,36.0,48.1,1.0,,,,,,,,737128.0
USW00014836,"LANSING CAPITAL CITY AIRPORT, MI US",2019-03-11,15.21,,0.0,0.0,0.0,32.0,35.0,25.0,260.0,260.0,25.1,31.1,,,,,,,,,737129.0
USW00014836,"LANSING CAPITAL CITY AIRPORT, MI US",2019-03-12,6.49,,0.0,0.0,0.0,31.0,46.0,20.0,240.0,240.0,14.1,17.0,,,,,,,,,737130.0
USW00014836,"LANSING CAPITAL CITY AIRPORT, MI US",2019-03-13,10.07,,0.1,0.0,0.0,40.0,53.0,36.0,170.0,150.0,16.1,21.9,1.0,,,,,,,,737131.0
USW00014836,"LANSING CAPITAL CITY AIRPORT, MI US",2019-03-14,17.9,,0.45,0.0,0.0,52.0,62.0,42.0,160.0,150.0,31.1,40.9,1.0,,1.0,,,,,,737132.0
USW00014836,"LANSING CAPITAL CITY AIRPORT, MI US",2019-03-15,17.22,,0.05,0.0,0.0,41.0,42.0,31.0,240.0,240.0,29.1,38.0,1.0,,,,,,,,737133.0
USW00014836,"LANSING CAPITAL CITY AIRPORT, MI US",2019-03-16,10.96,,0.0,0.0,0.0,32.0,36.0,23.0,280.0,270.0,23.0,29.1,,,,,,,,,737134.0
USW00014836,"LANSING CAPITAL CITY AIRPORT, MI US",2019-03-17,3.8,,0.0,0.0,0.0,27.0,38.0,17.0,200.0,190.0,13.0,16.1,1.0,,,,,,1.0,,737135.0
USW00014836,"LANSING CAPITAL CITY AIRPORT, MI US",2019-03-18,6.04,,0.0,0.0,0.0,32.0,42.0,22.0,260.0,270.0,14.1,19.0,1.0,,,,,,,,737136.0
USW00014836,"LANSING CAPITAL CITY AIRPORT, MI US",2019-03-19,5.37,,0.0,0.0,0.0,35.0,49.0,23.0,260.0,210.0,19.9,28.0,1.0,,,,,,,,737137.0
USW00014836,"LANSING CAPITAL CITY AIRPORT, MI US",2019-03-20,7.61,,0.47,0.0,0.0,36.0,44.0,31.0,210.0,220.0,21.9,27.1,1.0,,,,,,,,737138.0
USW00014836,"LANSING CAPITAL CITY AIRPORT, MI US",2019-03-21,6.26,,0.0,0.0,0.0,36.0,40.0,33.0,270.0,270.0,18.1,23.9,1.0,1.0,,,,,1.0,,737139.0
USW00014836,"LANSING CAPITAL CITY AIRPORT, MI US",2019-03-22,12.75,,0.0,0.0,0.0,37.0,43.0,27.0,310.0,310.0,23.9,32.0,1.0,,,,,,,,737140.0
USW00014836,"LANSING CAPITAL CITY AIRPORT, MI US",2019-03-23,5.59,,0.0,0.0,0.0,32.0,47.0,20.0,290.0,300.0,14.1,19.9,,,,,,,,,737141.0
USW00014836,"LANSING CAPITAL CITY AIRPORT, MI US",2019-03-24,9.17,,0.0,0.0,0.0,42.0,58.0,30.0,30.0,40.0,21.9,27.1,,,,,,,,,737142.0
USW00014836,"LANSING CAPITAL CITY AIRPORT, MI US",2019-03-25,9.4,,0.0,0.0,0.0,36.0,44.0,28.0,50.0,50.0,18.1,21.9,,,,,,,,,737143.0
USW00014836,"LANSING CAPITAL CITY AIRPORT, MI US",2019-03-26,3.8,,0.0,0.0,0.0,33.0,46.0,22.0,50.0,20.0,8.9,15.0,,,,,,,,,737144.0
USW00014836,"LANSING CAPITAL CITY AIRPORT, MI US",2019-03-27,10.74,,0.0,0.0,0.0,39.0,54.0,27.0,200.0,210.0,18.1,23.0,,,,,,,,,737145.0
USW00014836,"LANSING CAPITAL CITY AIRPORT, MI US",2019-03-28,12.97,,0.0,0.0,0.0,53.0,67.0,43.0,250.0,260.0,21.9,30.0,,,,,,,,,737146.0
USW00014836,"LANSING CAPITAL CITY AIRPORT, MI US",2019-03-29,7.61,,0.01,0.0,0.0,46.0,55.0,36.0,170.0,160.0,16.1,19.0,,,,,,,,,737147.0
USW00014836,"LANSING CAPITAL CITY AIRPORT, MI US",2019-03-30,10.51,,0.41,0.0,0.0,40.0,41.0,26.0,350.0,340.0,21.9,29.1,,,,,,,,,737148.0
USW00014836,"LANSING CAPITAL CITY AIRPORT, MI US",2019-03-31,13.2,,0.0,0.0,0.0,28.0,34.0,21.0,280.0,290.0,23.9,32.0,,,,,,,,,737149.0
USW00014836,"LANSING CAPITAL CITY AIRPORT, MI US",2019-04-01,9.84,,0.0,0.0,0.0,31.0,45.0,20.0,200.0,200.0,21.9,28.0,,,,,,,,,737150.0
USW00014836,"LANSING CAPITAL CITY AIRPORT, MI US",2019-04-02,14.99,,0.0,0.0,0.0,43.0,58.0,36.0,240.0,240.0,28.0,34.0,,,,,,,,,737151.0
USW00014836,"LANSING CAPITAL CITY AIRPORT, MI US",2019-04-03,13.2,,0.0,0.0,0.0,43.0,51.0,37.0,300.0,270.0,29.1,42.9,,,,,,,,,737152.0
USW00014836,"LANSING CAPITAL CITY AIRPORT, MI US",2019-04-04,9.62,,0.01,0.0,0.0,40.0,47.0,33.0,100.0,90.0,18.1,23.0,,,,,,,,,737153.0
USW00014836,"LANSING CAPITAL CITY AIRPORT, MI US",2019-04-05,3.8,,0.08,0.0,0.0,39.0,52.0,33.0,320.0,80.0,8.9,12.1,1.0,,,,,,,,737154.0
USW00014836,"LANSING CAPITAL CITY AIRPORT, MI US",2019-04-06,2.91,,0.0,0.0,0.0,49.0,66.0,34.0,220.0,220.0,14.1,17.0,1.0,1.0,,,,,,,737155.0
USW00014836,"LANSING CAPITAL CITY AIRPORT, MI US",2019-04-07,10.07,,0.09,0.0,0.0,57.0,72.0,47.0,170.0,170.0,21.9,27.1,1.0,,,,,,,,737156.0
USW00014836,"LANSING CAPITAL CITY AIRPORT, MI US",2019-04-08,12.75,,0.0,0.0,0.0,61.0,69.0,54.0,260.0,270.0,25.9,34.0,1.0,,,,,,,,737157.0
USW00014836,"LANSING CAPITAL CITY AIRPORT, MI US",2019-04-09,14.99,,0.0,0.0,0.0,54.0,62.0,42.0,300.0,260.0,29.1,36.0,,,,,,,,,737158.0
USW00014836,"LANSING CAPITAL CITY AIRPORT, MI US",2019-04-10,10.51,,0.12,0.5,0.0,41.0,43.0,31.0,110.0,110.0,19.9,25.1,1.0,,,,,,,,737159.0
USW00014836,"LANSING CAPITAL CITY AIRPORT, MI US",2019-04-11,16.55,,0.05,0.1,1.2,37.0,49.0,30.0,100.0,100.0,28.0,33.1,1.0,,,,,,,,737160.0
USW00014836,"LANSING CAPITAL CITY AIRPORT, MI US",2019-04-12,15.21,,0.24,0.0,0.0,48.0,59.0,40.0,220.0,230.0,33.1,45.0,1.0,,,,,,,,737161.0
USW00014836,"LANSING CAPITAL CITY AIRPORT, MI US",2019-04-13,13.65,,0.0,0.0,0.0,44.0,52.0,34.0,270.0,260.0,29.1,35.1,,,,,,,,,737162.0
USW00014836,"LANSING CAPITAL CITY AIRPORT, MI US",2019-04-14,13.42,,0.74,0.9,0.0,35.0,37.0,31.0,30.0,30.0,25.1,32.0,1.0,,,,,,,,737163.0
USW00014836,"LANSING CAPITAL CITY AIRPORT, MI US",2019-04-15,10.96,,0.01,0.1,1.2,38.0,50.0,32.0,270.0,260.0,21.9,30.0,,,,,,,,,737164.0
USW00014836,"LANSING CAPITAL CITY AIRPORT, MI US",2019-04-16,7.38,,0.13,0.0,0.0,46.0,64.0,38.0,30.0,40.0,14.1,18.1,1.0,,,,,,,,737165.0
USW00014836,"LANSING CAPITAL CITY AIRPORT, MI US",2019-04-17,12.75,,0.01,0.0,0.0,49.0,61.0,42.0,160.0,150.0,23.0,30.0,1.0,,1.0,,,,1.0,,737166.0
USW00014836,"LANSING CAPITAL CITY AIRPORT, MI US",2019-04-18,13.65,,0.64,0.0,0.0,58.0,66.0,41.0,220.0,200.0,29.1,36.9,1.0,,1.0,,,,,,737167.0
USW00014836,"LANSING CAPITAL CITY AIRPORT, MI US",2019-04-19,13.65,,0.1,0.0,0.0,41.0,42.0,39.0,30.0,20.0,23.9,30.0,1.0,,,,,,,,737168.0
USW00014836,"LANSING CAPITAL CITY AIRPORT, MI US",2019-04-20,13.2,,0.01,0.0,0.0,43.0,54.0,36.0,40.0,40.0,23.0,32.0,,,,,,,,,737169.0
USW00014836,"LANSING CAPITAL CITY AIRPORT, MI US",2019-04-21,5.14,,0.0,0.0,0.0,48.0,71.0,31.0,180.0,230.0,12.1,14.1,1.0,,,,,,,,737170.0
USW00014836,"LANSING CAPITAL CITY AIRPORT, MI US",2019-04-22,12.08,,0.0,0.0,0.0,62.0,76.0,50.0,180.0,210.0,21.9,29.1,,,,,,,,,737171.0
USW00014836,"LANSING CAPITAL CITY AIRPORT, MI US",2019-04-23,14.09,,0.03,0.0,0.0,58.0,66.0,43.0,260.0,170.0,25.9,34.0,1.0,,,,,,,,737172.0
USW00014836,"LANSING CAPITAL CITY AIRPORT, MI US",2019-04-24,3.36,,0.0,0.0,0.0,49.0,62.0,36.0,350.0,360.0,10.1,14.1,,,,,,,,,737173.0
USW00014836,"LANSING CAPITAL CITY AIRPORT, MI US",2019-04-25,5.37,,0.0,0.0,0.0,56.0,65.0,51.0,160.0,160.0,12.1,16.1,,,,,,,,,737174.0
USW00014836,"LANSING CAPITAL CITY AIRPORT, MI US",2019-04-26,14.32,,0.02,0.0,0.0,56.0,62.0,41.0,290.0,330.0,31.1,40.0,,,,,,,,,737175.0
USW00014836,"LANSING CAPITAL CITY AIRPORT, MI US",2019-04-27,7.83,,0.16,0.0,0.0,43.0,51.0,33.0,310.0,320.0,19.9,29.1,1.0,,,,,,,,737176.0
USW00014836,"LANSING CAPITAL CITY AIRPORT, MI US",2019-04-28,8.05,,0.0,0.0,0.0,43.0,56.0,34.0,130.0,150.0,16.1,21.0,,,,,,,,,737177.0
USW00014836,"LANSING CAPITAL CITY AIRPORT, MI US",2019-04-29,9.4,,0.71,0.0,0.0,43.0,44.0,40.0,110.0,110.0,18.1,25.1,1.0,,,,,,,,737178.0
USW00014836,"LANSING CAPITAL CITY AIRPORT, MI US",2019-04-30,8.72,,0.35,0.0,0.0,43.0,49.0,40.0,110.0,100.0,17.0,23.0,1.0,,,,,,,,737179.0
USW00014836,"LANSING CAPITAL CITY AIRPORT, MI US",2019-05-01,10.51,,0.58,0.0,0.0,51.0,63.0,44.0,230.0,230.0,29.1,36.9,1.0,,,,,,,,737180.0
USW00014836,"LANSING CAPITAL CITY AIRPORT, MI US",2019-05-02,5.82,,0.09,0.0,0.0,49.0,57.0,43.0,20.0,30.0,12.1,14.1,1.0,,,,,,1.0,,737181.0
USW00014836,"LANSING CAPITAL CITY AIRPORT, MI US",2019-05-03,8.72,,0.02,0.0,0.0,46.0,51.0,43.0,130.0,40.0,14.1,17.0,1.0,,,,,,,,737182.0
USW00014836,"LANSING CAPITAL CITY AIRPORT, MI US",2019-05-04,3.8,,0.0,0.0,0.0,51.0,64.0,44.0,110.0,100.0,12.1,15.0,,,,,,,,,737183.0
USW00014836,"LANSING CAPITAL CITY AIRPORT, MI US",2019-05-05,4.25,,0.0,0.0,0.0,57.0,71.0,43.0,260.0,250.0,16.1,19.9,1.0,,,,,,,,737184.0
USW00014836,"LANSING CAPITAL CITY AIRPORT, MI US",2019-05-06,6.26,,0.04,0.0,0.0,59.0,72.0,48.0,280.0,280.0,21.0,23.9,,,,,,,,,737185.0
USW00014836,"LANSING CAPITAL CITY AIRPORT, MI US",2019-05-07,7.16,,0.28,0.0,0.0,48.0,56.0,40.0,30.0,30.0,16.1,19.0,1.0,,,,,,,,737186.0
USW00014836,"LANSING CAPITAL CITY AIRPORT, MI US",2019-05-08,13.65,,0.0,0.0,0.0,47.0,58.0,36.0,110.0,80.0,23.0,29.1,,,,,,,,,737187.0
USW00014836,"LANSING CAPITAL CITY AIRPORT, MI US",2019-05-09,12.53,,0.28,0.0,0.0,60.0,74.0,50.0,240.0,230.0,23.9,31.1,1.0,,,,,,,,737188.0
USW00014836,"LANSING CAPITAL CITY AIRPORT, MI US",2019-05-10,10.51,,0.0,0.0,0.0,52.0,57.0,41.0,280.0,300.0,19.9,23.9,1.0,,,,,,,,737189.0
USW00014836,"LANSING CAPITAL CITY AIRPORT, MI US",2019-05-11,6.49,,0.02,0.0,0.0,46.0,52.0,36.0,20.0,70.0,16.1,21.9,,,,,,,,,737190.0
USW00014836,"LANSING CAPITAL CITY AIRPORT, MI US",2019-05-12,9.17,,0.01,0.0,0.0,46.0,53.0,40.0,50.0,40.0,16.1,19.9,1.0,,,,,,,,737191.0
USW00014836,"LANSING CAPITAL CITY AIRPORT, MI US",2019-05-13,7.16,,0.0,0.0,0.0,48.0,57.0,40.0,30.0,10.0,16.1,21.0,,,,,,,,,737192.0
USW00014836,"LANSING CAPITAL CITY AIRPORT, MI US",2019-05-14,5.82,,0.0,0.0,0.0,51.0,69.0,36.0,270.0,270.0,15.0,19.9,,,,,,,,,737193.0
USW00014836,"LANSING CAPITAL CITY AIRPORT, MI US",2019-05-15,9.4,,0.0,0.0,0.0,60.0,74.0,45.0,260.0,290.0,23.9,32.0,,,,,,,1.0,,737194.0
USW00014836,"LANSING CAPITAL CITY AIRPORT, MI US",2019-05-16,8.95,,0.0,0.0,0.0,61.0,76.0,45.0,220.0,190.0,25.1,35.1,,,,,,,,,737195.0
USW00014836,"LANSING CAPITAL CITY AIRPORT, MI US",2019-05-17,5.37,,0.0,0.0,0.0,63.0,70.0,53.0,140.0,130.0,15.0,19.0,1.0,,,,,,,,737196.0
USW00014836,"LANSING CAPITAL CITY AIRPORT, MI US",2019-05-18,9.62,,0.42,0.0,0.0,60.0,76.0,47.0,160.0,150.0,17.0,21.9,1.0,,,,,,,,737197.0
USW00014836,"LANSING CAPITAL CITY AIRPORT, MI US",2019-05-19,10.96,,0.12,0.0,0.0,67.0,75.0,57.0,230.0,200.0,28.0,36.9,1.0,,1.0,,,,,,737198.0
USW00014836,"LANSING CAPITAL CITY AIRPORT, MI US",2019-05-20,12.08,,0.0,0.0,0.0,53.0,58.0,41.0,260.0,270.0,23.0,28.0,1.0,,,,,,,,737199.0
USW00014836,"LANSING CAPITAL CITY AIRPORT, MI US",2019-05-21,6.49,,0.0,0.0,0.0,49.0,62.0,37.0,110.0,90.0,15.0,19.0,,,,,,,,,737200.0
USW00014836,"LANSING CAPITAL CITY AIRPORT, MI US",2019-05-22,11.86,,0.24,0.0,0.0,58.0,73.0,50.0,140.0,120.0,21.9,33.1,1.0,,1.0,,,,,,737201.0
USW00014836,"LANSING CAPITAL CITY AIRPORT, MI US",2019-05-23,15.21,,0.04,0.0,0.0,68.0,74.0,54.0,280.0,270.0,32.0,40.9,1.0,,1.0,,,,,,737202.0
USW00014836,"LANSING CAPITAL CITY AIRPORT, MI US",2019-05-24,4.47,,0.14,0.0,0.0,57.0,63.0,49.0,150.0,140.0,16.1,19.9,1.0,,1.0,,,,,,737203.0
USW00014836,"LANSING CAPITAL CITY AIRPORT, MI US",2019-05-25,12.08,,0.09,0.0,0.0,68.0,81.0,55.0,270.0,250.0,25.1,33.1,1.0,,1.0,,,,,,737204.0
USW00014836,"LANSING CAPITAL CITY AIRPORT, MI US",2019-05-26,4.47,,0.0,0.0,0.0,67.0,73.0,54.0,50.0,60.0,15.0,18.1,,,,,,,,,737205.0
USW00014836,"LANSING CAPITAL CITY AIRPORT, MI US",2019-05-27,8.28,,0.01,0.0,0.0,63.0,74.0,51.0,140.0,150.0,19.9,23.9,1.0,1.0,,,,,,,737206.0
USW00014836,"LANSING CAPITAL CITY AIRPORT, MI US",2019-05-28,6.71,,0.07,0.0,0.0,61.0,66.0,53.0,50.0,320.0,13.0,17.0,1.0,,,,,,,,737207.0
USW00014836,"LANSING CAPITAL CITY AIRPORT, MI US",2019-05-29,5.37,,0.11,0.0,0.0,57.0,67.0,52.0,40.0,40.0,23.9,30.0,1.0,,,,,,,,737208.0
USW00014836,"LANSING CAPITAL CITY AIRPORT, MI US",2019-05-30,5.14,,0.05,0.0,0.0,61.0,68.0,54.0,300.0,300.0,17.0,23.0,1.0,,,,,,,,737209.0
USW00014836,"LANSING CAPITAL CITY AIRPORT, MI US",2019-05-31,8.28,,0.0,0.0,0.0,64.0,80.0,49.0,220.0,210.0,21.0,27.1,1.0,1.0,,,,,,,737210.0
USW00014836,"LANSING CAPITAL CITY AIRPORT, MI US",2019-06-01,7.61,,1.92,0.0,0.0,67.0,71.0,60.0,250.0,250.0,35.1,42.9,1.0,,1.0,,,,1.0,,737211.0
USW00014836,"LANSING CAPITAL CITY AIRPORT, MI US",2019-06-02,8.72,,0.04,0.0,0.0,62.0,70.0,48.0,280.0,290.0,21.9,27.1,1.0,1.0,,,,,,,737212.0
USW00014836,"LANSING CAPITAL CITY AIRPORT, MI US",2019-06-03,5.59,,0.0,0.0,0.0,54.0,67.0,42.0,290.0,290.0,15.0,18.1,,,,,,,,,737213.0
USW00014836,"LANSING CAPITAL CITY AIRPORT, MI US",2019-06-04,8.95,,0.0,0.0,0.0,62.0,75.0,47.0,250.0,240.0,23.0,30.0,,,,,,,,,737214.0
USW00014836,"LANSING CAPITAL CITY AIRPORT, MI US",2019-06-05,8.95,,0.25,0.0,0.0,70.0,80.0,59.0,230.0,230.0,23.0,30.0,1.0,,1.0,,,,,,737215.0
USW00014836,"LANSING CAPITAL CITY AIRPORT, MI US",2019-06-06,3.58,,0.0,0.0,0.0,64.0,76.0,57.0,30.0,40.0,8.9,11.0,1.0,,,,,,,,737216.0
USW00014836,"LANSING CAPITAL CITY AIRPORT, MI US",2019-06-07,6.26,,0.0,0.0,0.0,69.0,81.0,55.0,50.0,50.0,17.0,21.0,1.0,,,,,,,,737217.0
USW00014836,"LANSING CAPITAL CITY AIRPORT, MI US",2019-06-08,9.84,,0.0,0.0,0.0,68.0,81.0,54.0,100.0,120.0,21.0,27.1,,,,,,,,,737218.0
USW00014836,"LANSING CAPITAL CITY AIRPORT, MI US",2019-06-09,6.26,,0.62,0.0,0.0,67.0,70.0,60.0,140.0,150.0,15.0,19.0,1.0,,,,,,,,737219.0
USW00014836,"LANSING CAPITAL CITY AIRPORT, MI US",2019-06-10,10.96,,1.23,0.0,0.0,65.0,68.0,53.0,300.0,320.0,23.9,30.0,1.0,,,,,,,,737220.0
USW00014836,"LANSING CAPITAL CITY AIRPORT, MI US",2019-06-11,5.37,,0.0,0.0,0.0,62.0,78.0,48.0,270.0,280.0,17.0,23.0,,,,,,,,,737221.0
USW00014836,"LANSING CAPITAL CITY AIRPORT, MI US",2019-06-12,9.62,,0.0,0.0,0.0,67.0,76.0,56.0,180.0,210.0,21.0,25.9,,,,,,,,,737222.0
USW00014836,"LANSING CAPITAL CITY AIRPORT, MI US",2019-06-13,8.95,,0.38,0.0,0.0,58.0,62.0,52.0,330.0,340.0,21.9,29.1,1.0,,,,,,,,737223.0
USW00014836,"LANSING CAPITAL CITY AIRPORT, MI US",2019-06-14,10.96,,0.0,0.0,0.0,60.0,74.0,45.0,210.0,210.0,23.0,29.1,,,,,,,,,737224.0
USW00014836,"LANSING CAPITAL CITY AIRPORT, MI US",2019-06-15,9.84,,0.02,0.0,0.0,67.0,72.0,60.0,240.0,240.0,25.9,36.0,1.0,,,,,,1.0,,737225.0
USW00014836,"LANSING CAPITAL CITY AIRPORT, MI US",2019-06-16,6.26,,0.3,0.0,0.0,58.0,62.0,52.0,80.0,60.0,15.0,19.9,1.0,,,,,,,,737226.0
USW00014836,"LANSING CAPITAL CITY AIRPORT, MI US",2019-06-17,4.47,,0.0,0.0,0.0,60.0,69.0,55.0,50.0,40.0,10.1,13.0,,,,,,,,,737227.0
USW00014836,"LANSING CAPITAL CITY AIRPORT, MI US",2019-06-18,1.79,,0.0,0.0,0.0,69.0,81.0,59.0,280.0,280.0,8.1,11.0,1.0,,,,,,,,737228.0
USW00014836,"LANSING CAPITAL CITY AIRPORT, MI US",2019-06-19,4.92,,1.35,0.0,0.0,69.0,77.0,60.0,240.0,250.0,18.1,23.0,1.0,,1.0,,,,1.0,,737229.0
USW00014836,"LANSING CAPITAL CITY AIRPORT, MI US",2019-06-20,8.28,,1.04,0.0,0.0,63.0,66.0,55.0,50.0,40.0,18.1,23.9,1.0,,,,,,,,737230.0
USW00014836,"LANSING CAPITAL CITY AIRPORT, MI US",2019-06-21,2.91,,0.0,0.0,0.0,64.0,77.0,52.0,340.0,290.0,12.1,14.1,1.0,,,,,,,,737231.0
USW00014836,"LANSING CAPITAL CITY AIRPORT, MI US",2019-06-22,5.59,,0.0,0.0,0.0,65.0,77.0,52.0,50.0,30.0,15.0,23.0,,,,,,,,,737232.0
USW00014836,"LANSING CAPITAL CITY AIRPORT, MI US",2019-06-23,8.28,,0.02,0.0,0.0,67.0,81.0,54.0,150.0,150.0,17.0,23.0,,,,,,,,,737233.0
USW00014836,"LANSING CAPITAL CITY AIRPORT, MI US",2019-06-24,10.29,,0.23,0.0,0.0,71.0,78.0,63.0,240.0,230.0,21.9,29.1,1.0,,,,,,,,737234.0
USW00014836,"LANSING CAPITAL CITY AIRPORT, MI US",2019-06-25,13.2,,0.05,0.0,0.0,71.0,83.0,61.0,250.0,250.0,30.0,42.9,1.0,,1.0,,,,,,737235.0
USW00014836,"LANSING CAPITAL CITY AIRPORT, MI US",2019-06-26,7.16,,0.0,0.0,0.0,73.0,84.0,62.0,260.0,270.0,17.0,23.0,,,,,,,,,737236.0
USW00014836,"LANSING CAPITAL CITY AIRPORT, MI US",2019-06-27,4.03,,0.0,0.0,0.0,74.0,87.0,62.0,220.0,220.0,17.0,25.1,,,,,,,,,737237.0
USW00014836,"LANSING CAPITAL CITY AIRPORT, MI US",2019-06-28,5.37,,0.0,0.0,0.0,77.0,87.0,68.0,250.0,330.0,17.0,21.9,,,,,,,,,737238.0
USW00014836,"LANSING CAPITAL CITY AIRPORT, MI US",2019-06-29,4.03,,0.0,0.0,0.0,77.0,87.0,67.0,320.0,,8.9,,1.0,,,,,,,,737239.0
USW00014836,"LANSING CAPITAL CITY AIRPORT, MI US",2019-06-30,3.13,,0.0,0.0,0.0,76.0,84.0,65.0,310.0,300.0,10.1,15.0,,,,,,,,,737240.0
USW00014836,"LANSING CAPITAL CITY AIRPORT, MI US",2019-07-01,7.61,1628.0,0.0,0.0,0.0,77.0,90.0,67.0,290.0,270.0,14.1,17.0,,,,,,,,,737241.0
USW00014836,"LANSING CAPITAL CITY AIRPORT, MI US",2019-07-02,4.7,1926.0,0.47,0.0,0.0,78.0,90.0,68.0,300.0,300.0,32.0,38.0,1.0,,1.0,,,,,,737242.0
USW00014836,"LANSING CAPITAL CITY AIRPORT, MI US",2019-07-03,6.04,1721.0,0.0,0.0,0.0,75.0,86.0,69.0,80.0,30.0,13.0,16.1,1.0,,,,,,,,737243.0
USW00014836,"LANSING CAPITAL CITY AIRPORT, MI US",2019-07-04,5.59,1521.0,0.19,0.0,0.0,78.0,89.0,69.0,70.0,70.0,21.9,25.9,1.0,,1.0,,,,,,737244.0
USW00014836,"LANSING CAPITAL CITY AIRPORT, MI US",2019-07-05,5.82,1438.0,0.0,0.0,0.0,78.0,89.0,72.0,290.0,290.0,19.9,25.1,1.0,,,,,,,,737245.0
USW00014836,"LANSING CAPITAL CITY AIRPORT, MI US",2019-07-06,7.83,449.0,0.0,0.0,0.0,78.0,86.0,67.0,210.0,210.0,30.0,31.1,1.0,,,,,,1.0,,737246.0
USW00014836,"LANSING CAPITAL CITY AIRPORT, MI US",2019-07-07,8.72,1233.0,0.0,0.0,0.0,72.0,80.0,61.0,30.0,50.0,16.1,21.0,,,,,,,,,737247.0
USW00014836,"LANSING CAPITAL CITY AIRPORT, MI US",2019-07-08,3.8,903.0,0.0,0.0,0.0,67.0,80.0,52.0,60.0,60.0,14.1,17.0,,,,,,,,,737248.0
USW00014836,"LANSING CAPITAL CITY AIRPORT, MI US",2019-07-09,3.36,,0.0,0.0,0.0,70.0,83.0,57.0,140.0,,8.1,,,,,,,,,,737249.0
USW00014836,"LANSING CAPITAL CITY AIRPORT, MI US",2019-07-10,7.83,1020.0,0.0,0.0,0.0,76.0,91.0,64.0,260.0,190.0,15.0,19.9,,,,,,,,,737250.0
USW00014836,"LANSING CAPITAL CITY AIRPORT, MI US",2019-07-11,9.4,1541.0,0.0,0.0,0.0,79.0,85.0,61.0,300.0,300.0,17.0,21.9,,,,,,,,,737251.0
USW00014836,"LANSING CAPITAL CITY AIRPORT, MI US",2019-07-12,4.7,1633.0,0.0,0.0,0.0,67.0,81.0,56.0,230.0,250.0,12.1,15.0,,,,,,,,,737252.0
USW00014836,"LANSING CAPITAL CITY AIRPORT, MI US",2019-07-13,9.4,1256.0,0.0,0.0,0.0,76.0,90.0,64.0,260.0,260.0,23.0,30.0,,,,,,,,,737253.0
USW00014836,"LANSING CAPITAL CITY AIRPORT, MI US",2019-07-14,2.46,1306.0,0.0,0.0,0.0,74.0,85.0,59.0,10.0,10.0,12.1,14.1,,,,,,,,,737254.0
USW00014836,"LANSING CAPITAL CITY AIRPORT, MI US",2019-07-15,7.61,1510.0,0.0,0.0,0.0,76.0,92.0,62.0,250.0,250.0,21.9,27.1,,,1.0,,,,,,737255.0
USW00014836,"LANSING CAPITAL CITY AIRPORT, MI US",2019-07-16,7.38,755.0,1.23,0.0,0.0,78.0,84.0,70.0,220.0,230.0,21.9,28.0,1.0,,1.0,,,,,,737256.0
USW00014836,"LANSING CAPITAL CITY AIRPORT, MI US",2019-07-17,4.47,1629.0,0.0,0.0,0.0,77.0,87.0,70.0,40.0,60.0,13.0,19.9,1.0,,,,,,1.0,,737257.0
USW00014836,"LANSING CAPITAL CITY AIRPORT, MI US",2019-07-18,9.62,1247.0,0.0,0.0,0.0,77.0,85.0,71.0,270.0,270.0,21.9,27.1,,,,,,,,,737258.0
USW00014836,"LANSING CAPITAL CITY AIRPORT, MI US",2019-07-19,10.51,1711.0,0.09,0.0,0.0,83.0,93.0,77.0,260.0,260.0,23.0,29.1,1.0,,1.0,,,,1.0,,737259.0
USW00014836,"LANSING CAPITAL CITY AIRPORT, MI US",2019-07-20,12.08,136.0,0.12,0.0,0.0,81.0,93.0,71.0,290.0,290.0,36.0,49.0,1.0,,1.0,,,,,,737260.0
USW00014836,"LANSING CAPITAL CITY AIRPORT, MI US",2019-07-21,3.36,1603.0,0.33,0.0,0.0,74.0,81.0,67.0,150.0,50.0,15.0,18.1,1.0,,1.0,,,,,,737261.0
USW00014836,"LANSING CAPITAL CITY AIRPORT, MI US",2019-07-22,7.16,1415.0,0.0,0.0,0.0,69.0,78.0,59.0,20.0,30.0,16.1,21.0,,,,,,,,,737262.0
USW00014836,"LANSING CAPITAL CITY AIRPORT, MI US",2019-07-23,5.82,1512.0,0.04,0.0,0.0,66.0,79.0,52.0,330.0,320.0,19.9,27.1,1.0,,1.0,,,,,,737263.0
USW00014836,"LANSING CAPITAL CITY AIRPORT, MI US",2019-07-24,2.46,1747.0,0.0,0.0,0.0,66.0,79.0,54.0,10.0,330.0,12.1,32.0,1.0,,,,,,,,737264.0
USW00014836,"LANSING CAPITAL CITY AIRPORT, MI US",2019-07-25,4.25,1216.0,0.0,0.0,0.0,71.0,84.0,58.0,260.0,260.0,15.0,17.0,,,,,,,,,737265.0
USW00014836,"LANSING CAPITAL CITY AIRPORT, MI US",2019-07-26,6.49,1515.0,0.0,0.0,0.0,76.0,84.0,63.0,220.0,220.0,17.0,21.0,,,,,,,,,737266.0
USW00014836,"LANSING CAPITAL CITY AIRPORT, MI US",2019-07-27,13.65,1345.0,0.0,0.0,0.0,79.0,86.0,,230.0,240.0,23.9,31.1,,,,,,,,,737267.0
USW00014836,"LANSING CAPITAL CITY AIRPORT, MI US",2019-07-28,10.51,1537.0,0.0,0.0,0.0,80.0,90.0,71.0,270.0,240.0,23.0,29.1,,,,,,,,,737268.0
USW00014836,"LANSING CAPITAL CITY AIRPORT, MI US",2019-07-29,10.51,1211.0,0.26,0.0,0.0,76.0,83.0,68.0,190.0,200.0,23.9,33.1,,,,,,,,,737269.0
USW00014836,"LANSING CAPITAL CITY AIRPORT, MI US",2019-07-30,7.16,1728.0,0.0,0.0,0.0,73.0,84.0,66.0,300.0,310.0,15.0,19.0,,,,,,,,,737270.0
USW00014836,"LANSING CAPITAL CITY AIRPORT, MI US",2019-07-31,5.37,247.0,0.0,0.0,0.0,70.0,78.0,59.0,70.0,80.0,14.1,17.0,,,,,,,,,737271.0
USW00014836,"LANSING CAPITAL CITY AIRPORT, MI US",2019-08-01,2.91,,0.0,0.0,0.0,67.0,79.0,54.0,50.0,30.0,12.1,17.0,,,,,,,,,737272.0
USW00014836,"LANSING CAPITAL CITY AIRPORT, MI US",2019-08-02,2.01,,0.0,0.0,0.0,69.0,83.0,53.0,350.0,50.0,10.1,17.0,,,,,,,,,737273.0
USW00014836,"LANSING CAPITAL CITY AIRPORT, MI US",2019-08-03,3.8,,0.0,0.0,0.0,71.0,87.0,57.0,320.0,330.0,21.0,31.1,,,,,,,,,737274.0
USW00014836,"LANSING CAPITAL CITY AIRPORT, MI US",2019-08-04,3.58,,0.0,0.0,0.0,73.0,86.0,61.0,290.0,340.0,10.1,16.1,,,,,,,,,737275.0
USW00014836,"LANSING CAPITAL CITY AIRPORT, MI US",2019-08-05,6.26,,0.0,0.0,0.0,75.0,88.0,63.0,240.0,280.0,17.0,21.9,1.0,,,,,,,,737276.0
USW00014836,"LANSING CAPITAL CITY AIRPORT, MI US",2019-08-06,4.7,,0.12,0.0,0.0,74.0,82.0,67.0,300.0,320.0,18.1,29.1,1.0,,1.0,,,,,,737277.0
USW00014836,"LANSING CAPITAL CITY AIRPORT, MI US",2019-08-07,5.14,,0.0,0.0,0.0,73.0,86.0,62.0,260.0,260.0,17.0,23.9,1.0,,,,,,,,737278.0
USW00014836,"LANSING CAPITAL CITY AIRPORT, MI US",2019-08-08,10.74,,0.1,0.0,0.0,73.0,82.0,60.0,270.0,290.0,21.9,34.0,1.0,,,,,,,,737279.0
USW00014836,"LANSING CAPITAL CITY AIRPORT, MI US",2019-08-09,8.05,,0.0,0.0,0.0,68.0,80.0,57.0,300.0,260.0,19.9,27.1,,,,,,,,,737280.0
USW00014836,"LANSING CAPITAL CITY AIRPORT, MI US",2019-08-10,3.8,,0.0,0.0,0.0,68.0,83.0,54.0,300.0,310.0,14.1,21.9,,,,,,,,,737281.0
USW00014836,"LANSING CAPITAL CITY AIRPORT, MI US",2019-08-11,3.58,,0.0,0.0,0.0,69.0,85.0,55.0,230.0,250.0,14.1,19.0,,,,,,,,,737282.0
USW00014836,"LANSING CAPITAL CITY AIRPORT, MI US",2019-08-12,4.03,,0.0,0.0,0.0,77.0,89.0,70.0,250.0,250.0,16.1,19.9,,,,,,,,,737283.0
USW00014836,"LANSING CAPITAL CITY AIRPORT, MI US",2019-08-13,7.83,,0.0,0.0,0.0,76.0,85.0,67.0,60.0,40.0,14.1,18.1,,,,,,,,,737284.0
USW00014836,"LANSING CAPITAL CITY AIRPORT, MI US",2019-08-14,7.61,,0.0,0.0,0.0,71.0,81.0,62.0,40.0,20.0,16.1,21.0,,,,,,,,,737285.0
USW00014836,"LANSING CAPITAL CITY AIRPORT, MI US",2019-08-15,6.71,,0.01,0.0,0.0,66.0,70.0,57.0,350.0,350.0,13.0,18.1,1.0,1.0,,,,,,,737286.0
USW00014836,"LANSING CAPITAL CITY AIRPORT, MI US",2019-08-16,5.59,,0.0,0.0,0.0,67.0,82.0,55.0,210.0,200.0,16.1,21.0,1.0,1.0,,,,,,,737287.0
USW00014836,"LANSING CAPITAL CITY AIRPORT, MI US",2019-08-17,7.38,,0.0,0.0,0.0,75.0,87.0,64.0,60.0,250.0,17.0,23.0,,,1.0,,,,,,737288.0
USW00014836,"LANSING CAPITAL CITY AIRPORT, MI US",2019-08-18,9.17,,0.02,0.0,0.0,75.0,84.0,68.0,270.0,240.0,25.9,38.9,1.0,,1.0,,,,1.0,,737289.0
USW00014836,"LANSING CAPITAL CITY AIRPORT, MI US",2019-08-19,4.25,,0.0,0.0,0.0,74.0,87.0,65.0,220.0,280.0,13.0,19.9,1.0,,,,,,,,737290.0
USW00014836,"LANSING CAPITAL CITY AIRPORT, MI US",2019-08-20,4.7,,0.16,0.0,0.0,75.0,86.0,66.0,250.0,270.0,16.1,28.0,1.0,,1.0,,,,,,737291.0
USW00014836,"LANSING CAPITAL CITY AIRPORT, MI US",2019-08-21,8.72,,0.0,0.0,0.0,73.0,83.0,66.0,260.0,250.0,23.0,29.1,1.0,,,,,,1.0,,737292.0
USW00014836,"LANSING CAPITAL CITY AIRPORT, MI US",2019-08-22,6.49,,0.0,0.0,0.0,71.0,78.0,54.0,350.0,350.0,14.1,17.0,,,,,,,,,737293.0
USW00014836,"LANSING CAPITAL CITY AIRPORT, MI US",2019-08-23,4.47,,0.0,0.0,0.0,63.0,75.0,48.0,50.0,30.0,15.0,19.9,,,,,,,,,737294.0
USW00014836,"LANSING CAPITAL CITY AIRPORT, MI US",2019-08-24,5.59,,0.0,0.0,0.0,62.0,75.0,47.0,60.0,70.0,15.0,19.9,,,,,,,,,737295.0
USW00014836,"LANSING CAPITAL CITY AIRPORT, MI US",2019-08-25,8.05,,0.0,0.0,0.0,64.0,78.0,52.0,110.0,110.0,18.1,25.9,,,,,,,,,737296.0
USW00014836,"LANSING CAPITAL CITY AIRPORT, MI US",2019-08-26,13.42,,0.3,0.0,0.0,66.0,76.0,60.0,130.0,140.0,23.0,33.1,1.0,,,,,,,,737297.0
USW00014836,"LANSING CAPITAL CITY AIRPORT, MI US",2019-08-27,10.51,,0.28,0.0,0.0,71.0,81.0,64.0,250.0,230.0,19.9,28.0,1.0,,,,,,,,737298.0
USW00014836,"LANSING CAPITAL CITY AIRPORT, MI US",2019-08-28,11.18,,0.0,0.0,0.0,67.0,75.0,57.0,250.0,240.0,29.1,36.9,,,,,,,,,737299.0
USW00014836,"LANSING CAPITAL CITY AIRPORT, MI US",2019-08-29,11.18,,0.58,0.0,0.0,68.0,82.0,55.0,320.0,330.0,28.0,38.0,1.0,,1.0,,,,,,737300.0
USW00014836,"LANSING CAPITAL CITY AIRPORT, MI US",2019-08-30,5.82,,0.0,0.0,0.0,68.0,75.0,54.0,300.0,290.0,14.1,19.9,1.0,,,,,,,,737301.0
USW00014836,"LANSING CAPITAL CITY AIRPORT, MI US",2019-08-31,5.82,,0.0,0.0,0.0,62.0,73.0,48.0,100.0,100.0,15.0,23.0,,,,,,,,,737302.0
USW00014836,"LANSING CAPITAL CITY AIRPORT, MI US",2019-09-01,3.8,,0.15,0.0,0.0,63.0,70.0,56.0,120.0,120.0,13.0,16.1,1.0,,,,,,,,737303.0
USW00014836,"LANSING CAPITAL CITY AIRPORT, MI US",2019-09-02,7.38,,0.0,0.0,0.0,68.0,81.0,60.0,250.0,260.0,19.9,25.9,1.0,,,,,,,,737304.0
USW00014836,"LANSING CAPITAL CITY AIRPORT, MI US",2019-09-03,10.96,,0.04,0.0,0.0,69.0,80.0,61.0,190.0,180.0,29.1,45.0,,,1.0,,,,,,737305.0
USW00014836,"LANSING CAPITAL CITY AIRPORT, MI US",2019-09-04,6.26,,0.0,0.0,0.0,66.0,70.0,52.0,310.0,310.0,17.0,23.0,,,,,,,,,737306.0
USW00014836,"LANSING CAPITAL CITY AIRPORT, MI US",2019-09-05,1.79,,0.0,0.0,0.0,60.0,74.0,47.0,200.0,270.0,8.9,14.1,1.0,,,,,,,,737307.0
USW00014836,"LANSING CAPITAL CITY AIRPORT, MI US",2019-09-06,6.71,,0.02,0.0,0.0,61.0,,,180.0,180.0,12.1,23.0,1.0,,,,,,1.0,,737308.0
USW00014836,"LANSING CAPITAL CITY AIRPORT, MI US",2019-09-07,7.61,,0.0,0.0,0.0,64.0,,,270.0,,14.1,,,,,,,,,,737309.0
USW00014836,"LANSING CAPITAL CITY AIRPORT, MI US",2019-09-08,5.82,,0.0,0.0,0.0,61.0,,,30.0,,12.1,,,,,,,,,,737310.0
USW00014836,"LANSING CAPITAL CITY AIRPORT, MI US",2019-09-09,6.26,,0.01,0.0,0.0,59.0,,,150.0,,8.9,,1.0,,,,,,,,737311.0
USW00014836,"LANSING CAPITAL CITY AIRPORT, MI US",2019-09-10,9.84,,0.18,0.0,0.0,68.0,,,200.0,,14.1,,,,1.0,,,,,,737312.0
USW00014836,"LANSING CAPITAL CITY AIRPORT, MI US",2019-09-11,7.61,,0.59,0.0,0.0,78.0,,,350.0,360.0,23.9,38.9,1.0,,1.0,,,,1.0,,737313.0
USW00014836,"LANSING CAPITAL CITY AIRPORT, MI US",2019-09-12,9.4,,0.01,0.0,0.0,69.0,,,130.0,120.0,16.1,21.9,1.0,,,,,,1.0,,737314.0
USW00014836,"LANSING CAPITAL CITY AIRPORT, MI US",2019-09-13,13.2,,0.11,0.0,0.0,69.0,82.0,62.0,260.0,270.0,23.0,32.0,1.0,,,,,,,,737315.0
USW00014836,"LANSING CAPITAL CITY AIRPORT, MI US",2019-09-14,8.5,,0.0,0.0,0.0,65.0,74.0,56.0,240.0,240.0,19.9,27.1,,,,,,,1.0,,737316.0
USW00014836,"LANSING CAPITAL CITY AIRPORT, MI US",2019-09-15,6.26,,0.06,0.0,0.0,65.0,75.0,58.0,240.0,250.0,23.0,35.1,1.0,,,,,,,,737317.0
USW00014836,"LANSING CAPITAL CITY AIRPORT, MI US",2019-09-16,4.47,,0.0,0.0,0.0,70.0,79.0,61.0,20.0,40.0,10.1,16.1,1.0,,,,,,,,737318.0
USW00014836,"LANSING CAPITAL CITY AIRPORT, MI US",2019-09-17,3.8,,0.0,0.0,0.0,63.0,74.0,56.0,60.0,70.0,10.1,16.1,1.0,1.0,,,,,,,737319.0
USW00014836,"LANSING CAPITAL CITY AIRPORT, MI US",2019-09-18,6.49,,0.0,0.0,0.0,66.0,80.0,54.0,140.0,130.0,15.0,19.9,1.0,,,,,,,,737320.0
USW00014836,"LANSING CAPITAL CITY AIRPORT, MI US",2019-09-19,6.04,,0.0,0.0,0.0,69.0,82.0,59.0,150.0,130.0,10.1,14.1,,,,,,,,,737321.0
USW00014836,"LANSING CAPITAL CITY AIRPORT, MI US",2019-09-20,1.12,,0.0,0.0,0.0,70.0,83.0,60.0,180.0,190.0,8.1,11.0,,,,,,,,,737322.0
USW00014836,"LANSING CAPITAL CITY AIRPORT, MI US",2019-09-21,6.26,,0.0,0.0,0.0,72.0,86.0,64.0,200.0,200.0,21.9,32.0,,,1.0,,,,,,737323.0
USW00014836,"LANSING CAPITAL CITY AIRPORT, MI US",2019-09-22,12.53,,0.4,0.0,0.0,75.0,84.0,68.0,230.0,240.0,25.9,35.1,1.0,,,,,,,,737324.0
USW00014836,"LANSING CAPITAL CITY AIRPORT, MI US",2019-09-23,10.74,,0.02,0.0,0.0,68.0,71.0,54.0,260.0,270.0,23.0,31.1,1.0,,,,,,,,737325.0
USW00014836,"LANSING CAPITAL CITY AIRPORT, MI US",2019-09-24,7.38,,0.0,0.0,0.0,63.0,77.0,52.0,240.0,260.0,18.1,36.9,,,,,,,,,737326.0
USW00014836,"LANSING CAPITAL CITY AIRPORT, MI US",2019-09-25,12.75,,0.0,0.0,0.0,67.0,73.0,61.0,220.0,220.0,25.1,36.0,,,,,,,,,737327.0
USW00014836,"LANSING CAPITAL CITY AIRPORT, MI US",2019-09-26,9.17,,0.0,0.0,0.0,64.0,69.0,47.0,260.0,250.0,21.9,33.1,,,,,,,,,737328.0
USW00014836,"LANSING CAPITAL CITY AIRPORT, MI US",2019-09-27,10.74,,0.69,0.0,0.0,59.0,72.0,50.0,170.0,180.0,30.0,40.9,1.0,,1.0,,,,,,737329.0
USW00014836,"LANSING CAPITAL CITY AIRPORT, MI US",2019-09-28,6.71,,0.43,0.0,0.0,63.0,66.0,51.0,30.0,20.0,15.0,21.9,1.0,,,,,,,,737330.0
USW00014836,"LANSING CAPITAL CITY AIRPORT, MI US",2019-09-29,8.5,,0.71,0.0,0.0,54.0,58.0,49.0,60.0,70.0,17.0,23.9,1.0,,,,,,,,737331.0
USW00014836,"LANSING CAPITAL CITY AIRPORT, MI US",2019-09-30,7.83,,0.01,0.0,0.0,64.0,82.0,57.0,160.0,150.0,14.1,19.0,1.0,,,,,,,,737332.0
USW00014836,"LANSING CAPITAL CITY AIRPORT, MI US",2019-10-01,8.5,,0.19,0.0,0.0,73.0,79.0,68.0,350.0,340.0,21.9,29.1,1.0,,1.0,,,,,,737333.0
USW00014836,"LANSING CAPITAL CITY AIRPORT, MI US",2019-10-02,10.07,,0.89,0.0,0.0,63.0,69.0,51.0,70.0,70.0,17.0,25.1,1.0,1.0,1.0,,,,,,737334.0
USW00014836,"LANSING CAPITAL CITY AIRPORT, MI US",2019-10-03,8.95,,1.26,0.0,0.0,55.0,65.0,50.0,260.0,260.0,25.1,34.0,1.0,,,,,,,,737335.0
USW00014836,"LANSING CAPITAL CITY AIRPORT, MI US",2019-10-04,8.28,,0.0,0.0,0.0,51.0,55.0,42.0,30.0,20.0,16.1,23.0,,,,,,,,,737336.0
USW00014836,"LANSING CAPITAL CITY AIRPORT, MI US",2019-10-05,9.17,,0.03,0.0,0.0,48.0,60.0,40.0,160.0,150.0,21.0,27.1,,,,,,,,,737337.0
USW00014836,"LANSING CAPITAL CITY AIRPORT, MI US",2019-10-06,10.74,,0.0,0.0,0.0,,66.0,54.0,260.0,260.0,21.9,30.0,,,,,,,,,737338.0
USW00014836,"LANSING CAPITAL CITY AIRPORT, MI US",2019-10-07,7.83,,0.0,0.0,0.0,,69.0,44.0,260.0,260.0,21.0,29.1,,,,,,,,,737339.0
USW00014836,"LANSING CAPITAL CITY AIRPORT, MI US",2019-10-08,2.24,,0.0,0.0,0.0,52.0,68.0,38.0,110.0,160.0,10.1,14.1,1.0,,,,,,,,737340.0
USW00014836,"LANSING CAPITAL CITY AIRPORT, MI US",2019-10-09,5.59,,0.0,0.0,0.0,55.0,69.0,43.0,100.0,130.0,14.1,23.9,1.0,,,,,,,,737341.0
USW00014836,"LANSING CAPITAL CITY AIRPORT, MI US",2019-10-10,9.4,,0.0,0.0,0.0,58.0,72.0,45.0,130.0,120.0,18.1,25.1,1.0,,,,,,,,737342.0
USW00014836,"LANSING CAPITAL CITY AIRPORT, MI US",2019-10-11,12.97,,1.05,0.0,0.0,62.0,65.0,44.0,260.0,280.0,28.0,35.1,1.0,,,,,,,,737343.0
USW00014836,"LANSING CAPITAL CITY AIRPORT, MI US",2019-10-12,13.65,,0.0,0.0,0.0,44.0,49.0,39.0,230.0,210.0,23.0,33.1,,,,,,,,,737344.0
USW00014836,"LANSING CAPITAL CITY AIRPORT, MI US",2019-10-13,14.32,,0.0,0.0,0.0,47.0,56.0,42.0,250.0,240.0,32.0,47.0,,,,,,,,,737345.0
USW00014836,"LANSING CAPITAL CITY AIRPORT, MI US",2019-10-14,6.93,,0.0,0.0,0.0,45.0,51.0,34.0,230.0,220.0,17.0,21.9,,,,,,,,,737346.0
USW00014836,"LANSING CAPITAL CITY AIRPORT, MI US",2019-10-15,8.5,,0.2,0.0,0.0,45.0,61.0,32.0,240.0,250.0,21.9,30.0,1.0,,1.0,,,,,,737347.0
USW00014836,"LANSING CAPITAL CITY AIRPORT, MI US",2019-10-16,,,0.04,0.0,0.0,50.0,54.0,42.0,,,,,,,,,,,,,737348.0
USW00014836,"LANSING CAPITAL CITY AIRPORT, MI US",2019-10-17,,,0.0,0.0,0.0,45.0,53.0,38.0,,,,,,,,,,,,,737349.0
USW00014836,"LANSING CAPITAL CITY AIRPORT, MI US",2019-10-18,,,0.0,0.0,0.0,43.0,55.0,31.0,,,,,,,,,,,,,737350.0
USW00014836,"LANSING CAPITAL CITY AIRPORT, MI US",2019-10-19,,,0.0,0.0,0.0,47.0,61.0,39.0,,,,,,,,,,,,,737351.0
